post_id,post_url,text,time,page
771513614622177,https://facebook.com/www.rsf.gov.sd/posts/771513614622177,"بسم الله الرحمن الرحيم
قوات الدعم السريع
بيان هام
24 أبريل 2023
مواصلة لخطتها المكشوفة والمفضوحة، ظلت القوات الانقلابية وبقايا النظام البائد والفلول، يدبجون التهم سعياً للوقيعة بين قوات الدعم السريع والشعب السوداني والدول الشقيقة والصديقة، آخرها ما قالت إنه مقتل مساعد الملحق العسكري بسفارة مصر الشقيقة في السودان محمد الحسين محمد الراوي على يد قواتنا، اتضح بالتواصل مع السفارة المصرية بالخرطوم ان مساعد الملحق العسكري بخير ولم يتعرض لأذى، وأصدرت وزارة الخارجية المصرية لاحقاً بياناً يكذب ادعاءات القوات الانقلابية بالشأن.
لا تزال القوات الانقلابية تكذب وتتحرى الكذب أمام جماهير شعبنا والعالم.

الناطق الرسمي باسم قوات الدعم السريع
المجد والخلود للشهداء الأبرار

#معركة_الديمقراطية
#حراس_الثورة_المجيدة
#اشاوس_الدعم_السريع

In the Name of Allah, the Most Gracious, the Most Merciful
Quick Support Forces
Important statement
April 24, 2023
Continuing its exposed and exposed plan, the coup forces and the remnants of the old and fleeting regime remained accusing charges in an attempt to create a conflict between the Rapid Support Forces, the Sudanese people, sister and friend countries, the last of which she said was the killing of the assistant of the military attachment to the sister embassy of Egypt in Sudan, Mohamed Hussein Muhammad Al-Rawi by our forces, it was clear that through contact with the Egyptian embassy in Khartoum The assistant of the military annex is fine and unharmed, and the Egyptian Foreign Ministry later issued a statement denying the allegations of the coup forces regarding the matter.
The coup forces are still lying and investigating lying to the masses of our people and the world.

The official spokesman of the Rapid Support Forces
Glory and eternity to the righteous martyrs

#معركة_الديمقراطية
#حراس_الثورة_المجيدة
#اشاوس_الدعم_السريع",2023-04-24 22:40:09,RSF
771508764622662,https://facebook.com/www.rsf.gov.sd/posts/771508764622662,"حبل الكذب قصير

‎الصفحة الرسمية لوزارة الخارجية المصرية‎
53 mins ·

سفير مصر فى الخرطوم ينفى استشهاد مساعد ملحق الدفاع المصرى فى السودان
————-

اتصالا بما تناولته بعض وسائل الاعلام بشأن استشهاد مساعد الملحق العسكري المصري في الخرطوم، اكد السفير المصري في الخرطوم هاني صلاح، علي ان جميع اعضاء البعثة الدبلوماسية المصرية بخير، بما في ذلك اعضاء مكتب الدفاع.

وأكد السفير علي استمرار البعثة والمكاتب الفنية المصرية فى القيام بمهامهم وسط ظروف في غاية التعقيد.

Egypt's ambassador in Khartoum denies the martyrdom of the assistant of the Egyptian defense aide in Sudan
————-

Addressing what some media outlets have said about the martyrdom of the Egyptian military annex in Khartoum, the Egyptian Ambassador in Khartoum Hani Salah has confirmed that all members of the Egyptian diplomatic delegation are fine, including members of the Defense Office.

The ambassador emphasized the continuation of the Egyptian mission and technical offices in the midst of extremely complex circumstances.",2023-04-24 22:27:11,RSF
771400557966816,https://facebook.com/www.rsf.gov.sd/posts/771400557966816,"قوات الدعم السريع تؤمن عملية إجلاء بعثة دولة نيجيريا

ـــــــــــــــــــــــــــــــــ
#معركة_الديمقراطية
#حراس_الثورة_المجيدة
#أشاوس_الدعم_السريع

Rapid Security Forces Secure evacuation operation of Nigeria State Mission

ـــــــــــ
#معركة_الديمقراطية
#حراس_الثورة_المجيدة
#أشاوس_الدعم_السريع",2023-04-24 18:18:27,RSF
771311534642385,https://facebook.com/www.rsf.gov.sd/posts/771311534642385,"بسم الله الرحمن الرحيم
#قوات_الدعم_السريع
بيان هام
24 أبريل 2023

نفذت قوات الانقلاب، غارة جوية على أحياء سكنية متفرقة من العاصمة الخرطوم اليوم الإثنين، استهدفت المدنيين بشكل مباشر في حي الدوحة بأم درمان ومنطقة الكلاكلة جنوب الخرطوم.
ندين بشدة هذا العمل البربري الغاشم على المواطنين الأبرياء، من قيادة القوات الانقلابية، وهي بهذا الفعل الجبان لا تستهدف قوات الدعم السريع وإنما الشعب السوداني، ومعلوم أن هذه القوة تحركها أيادي الإرهابيين المتطرفين المعادين للشعب السوداني والإنسانية.
نؤكد أننا موجودون في كافة الميادين من أجل انتزاع هذا الجزء الخبيث من أرض السودان والخروج ببلادنا إلى بر الأمان بأقل الخسائر والأضرار وسط المدنيين.
تعمل قواتنا وسط جماهير الشعب السوداني لتقديم الخدمات الأساسية وفتح ممرات إنسانية في هذه المرحلة الصعبة التي تشهدها بلادنا، إلى جانب انشغالها بإجلاء البعثات الدبلوماسية ورعايا الدول الأجنبية، وأجلت اليوم بعثة دولة نيجريا وتساعد على إجلاء البعثة الهندية لمغادرة البلاد وبعثات آخرى تنتظرنا لتقديم الحماية والوصول بها إلى مناطق آمنة.
المجد والخلود للشهداء الابرار
العزة والكرامة لشعبنا الكريم
الناطق الرسمي باسم #قوات_الدعم_السريع

In the Name of Allah, the Most Gracious, the Most Merciful
#قوات_الدعم_السريع
Important statement
April 24, 2023

The coup forces carried out an airstrike on scattered residential neighborhoods from the capital Khartoum on Monday, directly targeting civilians in Doha neighborhood in Umm Durman and Kalakla area south of Khartoum.
We strongly condemn this barbaric act on innocent citizens, by the leadership of the coup forces, which in this cowardly act is not targeted by the Quick Support Forces, but the Sudanese people, and it is known that this force is driven by the hands of extremist terrorists who are against the Sudanese people and humanity.
We confirm that we are present in all fields in order to snatch this malicious part of Sudan's land and get out of our country to safety with the least losses and damages among civilians.
In the midst of the Sudanese masses, our forces are working to provide basic services and open humanitarian corridors in this difficult period that our country is experiencing, as well as evacuating diplomatic missions and patrons of foreign countries, the Nigeria State Mission today postponed and assisting the evacuation of the Indian Mission to leave the country and other missions await us to provide protection and reach them to safer areas.
Glory and eternity to the righteous martyrs
Dignity and dignity for our honorable people
The official spokesperson of #EAS",2023-04-24 15:25:39,RSF
771237671316438,https://facebook.com/www.rsf.gov.sd/posts/771237671316438,"بسم الله الرحمن الرحيم
#قوات_الدعم_السريع
بيـان هـام
24 أبريل 2023
رصدنا خلال اليومين الماضيين عمليات تخريب واسعة ونهب على منازل المواطنين ومقار الشركات والمصانع تقف وراءها خطة ماكرة من الفلول وعناصر النظام البائد بمحاولة الصاق التهم بقوات الدعم السريع عبر خطط مكشوفة خبرها شعبنا طوال ثلاثون عاماً من الإجرام والتخريب.
محاولة إعادة سيناريو التكسب بقطع الخدمات الضرورية كالكهرباء والمياه عن المواطنين فعل إجرامي قديم ظل الانقلابيون وقوى الظلام يمارسونه منذ وقت بعيد في مثل هذه الظروف والصاق التهم بالآخرين.
تعمل قوات الدعم السريع رغم انشغالها باقتلاع قوات الانقلاب وعناصر النظام البائد لتخليص الشعب السوداني من هذه العصابة، على توفير الخدمات الضرورية للمواطنين وتأمين مصادر هذه الخدمات بل والعمل مع الموظفين وتأمينهم لأداء عملهم، إلى جانب تأمين عمليات إجلاء البعثات الدبلوماسية ورعايا الدول الأجنبية، إضافة لتأمين الطرق وتسهيل عبور المواطنين إلى المناطق الآمنة.
المجد والخلود للشهداء الأبرار
العزة والكرامة لشعبنا الأبي
الناطق الرسمي باسم #قوات_الدعم_السريع

In the Name of Allah, the Most Gracious, the Most Merciful
#قوات_الدعم_السريع
Important statement
April 24, 2023
Over the past two days, we have observed extensive vandalism and looting of citizens' homes, business headquarters and factories, behind which is a cunning plan of beans and elements of the existing regime trying to accuse the Rapid Support Forces through exposed plans known to our people throughout thirty years of crime and vandalism.
Trying to repeat the scenario by cutting off essential services such as electricity and water from the citizens is an old criminal act that the coup d'état and the dark forces have been practicing for a long time in such circumstances and accusing others.
Despite being busy with uprooting the coup forces and elements of the existing regime to rid the Sudanese people of this gang, the Rapid Support Forces, are working to provide citizens with necessary services and securing the sources of these services, and also securing the evacuation of diplomatic missions and patronage of foreign countries, in addition to securing roads and facilitating the passage of citizens To the safe areas.
Glory and eternity to the righteous martyrs
Glory and dignity for our father people
The official spokesperson of #EAS",2023-04-24 12:32:29,RSF
770921328014739,https://facebook.com/www.rsf.gov.sd/posts/770921328014739,"بسم الله الرحمن الرحيم
قوات الدعم السريع
نشرة إخبارية
23 أبريل 2023
نفذت قوات الدعم السريع مساء اليوم الأحد، عملية إجلاء ناجحة لرعايا دولة ايطاليا. واشتملت البعثة التي تم اجلائها من منزل إقامة السفير بالخرطوم 2 بالإضافة إلى طاقم السفارة و 41 مواطنًا ايطاليا على متن 6 مركبات صغيرة وبص.
المجد والخلود للشهداء الأبرار
العزة والكرامة لشعبنا العظيم
الناطق الرسمي باسم قوات الدعم السريع

In the Name of Allah, the Most Gracious, the Most Merciful
Quick Support Forces
Newsletter
23 April 2023
On Sunday evening, the rapid support forces carried out a successful evacuation of Italian patrons. The delegation evacuated from the ambassador's residence in Khartoum included 2 as well as embassy staff and 41 Italian nationals on board 6 small vehicles.
Glory and eternity to the righteous martyrs
Dignity and dignity of our great people
The official spokesman of the Rapid Support Forces",2023-04-23 20:59:09,RSF
770857938021078,https://facebook.com/www.rsf.gov.sd/posts/770857938021078,"بسم الله الرحمن الرحيم
#قوات_الدعم_السريع
بيـان هـام
23 أبريل 2023
كان واضحًا منذ بدء الحرب في يوم السبت الماضي والتداعيات التي سبقت ذلك أن قيادة الانقلاب والمتطرفون يريدون إدارة عجلة الزمان إلى الوراء باستعادة نظام الحكم في البلاد، اليوم بات هذا المخطط واضحًا من أي وقت مضى من خلال ما جرى تداوله عبر وسائل الاعلام عن تنفيذ قادة الانقلاب عملية اخلاء بالقوة الجبرية لجميع السجناء المتواجدين بسجن كوبر الذي يضم جميع قادة النظام البائد.
ان قوات الدعم السريع إذ تدين هذا التصرف الذي يتنافى مع القوانين المحلية والاقليمية والدولية كافة، تحمل قيادة القوات المسلحة الانقلابية المسؤولية كاملة عن تقويض ثورة الشعب التي ضحى من أجلها الشباب والشابات.
ندعو أيضًا القوى الوطنية ممثلة في الاحزاب السياسية ومنظمات المجتمع المدني ولجان المقاومة والمجتمع الاقليمي والدولي إلى تحمل مسؤولياتهم تجاه هذه القضية.
المجد والخلود للشهداء الأبرار
العزة والكرامة لشعبنا الكريم
الناطق الرسمي باسم قوات الدعم السريع

In the Name of Allah, the Most Gracious, the Most Merciful
#قوات_الدعم_السريع
Important statement
23 April 2023
It was clear since the start of the war last Saturday and the repercussions that preceded the coup leadership and extremists want to turn the wheel of time backwards by restoring the ruling system in the country, today this plan is more clear than ever through what has been circulated through the media about the implementation of the coup leaders process Forced evacuation of all prisoners at Cooper prison which includes all the leaders of the old regime.
The Rapid Support Forces, condemning this act, which is contrary to all local, regional and international laws, the leadership of the Revolutionary Armed Forces, bears the full responsibility for undermining the revolution of the people, for which young men and women sacrificed themselves.
We also call on national forces represented in political parties, civil society organizations, Resistance Committees, the regional and international community to take their responsibilities towards this issue.
Glory and eternity to the righteous martyrs
Dignity and dignity for our honorable people
The official spokesman of the Rapid Support Forces",2023-04-23 18:47:32,RSF
770752941364911,https://facebook.com/www.rsf.gov.sd/posts/770752941364911,"#الدعم_السريع يلبي نداء استغاثة فريق اعلامي تابع لقناة العربي ويقوم باجلائهم الى مكان آمن

# Rapid_Support responds to the call of a media team belonging to Al Arabi Channel and evacuates them to a safe place.",2023-04-23 15:30:16,RSF
770694854704053,https://facebook.com/www.rsf.gov.sd/posts/770694854704053,"بسم الله الرحمن الرحيم

التحية والتجلة للشعب السودانى العظيم فى هذا الوقت العصيب الذي تمر به بلادنا الحبيبة، لابد لنا ان نتأسف لهذه المعاناة الانسانية التي سببها البرهان وزمرته من الجماعات المتطرفة التي تهورت باشعال الحرب.
وبصفتى القائد الثانى لقوات الدعم السريع وتخفيفًا للمعاناة الانسانية أوجه كل قوات الدعم السريع المنتشرة فى العاصمة المثلثة وولايات السودان المختلفة السماح للموظفين المدنيين العاملين فى مجال امداد الكهرباء والمياه والخدمات الصحية لمباشرة أعمالهم وتوفير الخدمة للمواطنين، كما اوجه بتسهيل عمل جميع المنظمات الانسانية من أجل تقديم العون والمساعدة اللازمة للمتضررين .

نعمل جاهدين وبكل ما نملك ان نخفف المعاناة على الشعب السودانى الثائر.

والنصر لنا بإذن الله والثورة مستمرة من اجل الحرية والديمقراطية

In the Name of Allah, the Most Gracious, the Most Merciful

Salute and manifestation to the great Sudanese people at this difficult time that our beloved country is going through, we must regret this humanitarian suffering caused by Burhan and his group of extremist groups that were reckless by igniting war.
As the second commander of the Rapid Support Forces, and to alleviate humanitarian suffering, I have directed all the Rapid Aid Forces deployed in the Triangle Capital and different states of Sudan to allow civilian employees working in the field of electricity, water and health services to direct their business and provide service to citizens, and I also instructed all humanitarian organizations to provide the necessary aid and assistance For the affected .

We are working hard and with all we can to alleviate the suffering of the rebellious Sudanese people.

Victory is ours, God willing, and the revolution goes on for freedom and democracy",2023-04-23 13:17:45,RSF
770668164706722,https://facebook.com/www.rsf.gov.sd/posts/770668164706722,"بسم الله الرحمن الرحيم
قيادة قوات الدعم السريع

نشرة اخبارية 23-4-2023

تعرضت قوات الدعم السريع صباح اليوم 23/4/2023 الى هجوم بالطيران اثناء اجلاء رعايا فرنسين من من سفارة بلادهم مرورًا ببحري الى امدرمان مما عرض حياة الرعايا الفرنسين للخطر بإصابة احدهم ونجاة بقية الرعايا .
وتشير قوات الدعم السريع انه وبتنسيق تام مع الحكومة الفرنسية تحرك صباح اليوم موكب اجلاء الرعايا الفرنسيين من أماكن تجميعهم بالسفارة الفرنسية وعبورًا بمدينة بحري الى امدرمان أثناء تحرك الموكب تحت حماية قواتنا تعرض الى هجوم غادر بالطيران من قوات الانقلاب فيما تصدت قوات الدعم السريع للهجوم واسقطت الطائرة.
ان هذا الانتهاك الصارخ للقانون الدولي والانساني وللهدنة المعلنة كان بشهادة وحضور اعضاء السفارة الفرنسية التي وثقت الحادث.
وازاء هذا الهجوم الجبان وحفاظًا على سلامة الرعايا الفرنسين اضطرت قوات الدعم السريع الى العودة بالموكب الى نقطة الانطلاق الأولى.
تجدد قوات الدعم السريع تأكيدها بالالتزام الكامل بالهدنة المعلنة وفتح الممرات الإنسانية لتمكين المواطنيين من الحصول على الخدمات الضرورية ، ولتسهيل حركة الرعايا الاجانب الى مناطق الاجلاء التي حددتها حكوماتهم.

المجد والخلود للشهداء الابرار
العزة والكرامة لشعبنا الابي

الناطق الرسمي باسم قوات الدعم السريع

In the Name of Allah, the Most Gracious, the Most Merciful
Command of the Quick Support Forces

Newsletter 23-4-2023

Today morning 23/4/2023, the emergency support forces were subjected to an air attack while evacuating French nationals from their embassy via sea to Omdurman, which put the lives of French nationals in danger by injuring one of the citizens and the survival of the rest of the citizens.
The RAPU points out that, in full coordination with the French Government, the procession of evacuating French nationals from their gathering places at the French Embassy and through a city of Bahri to Omdurman, while the procession moves under the protection of our forces, subjected to an attack from the Coup D'état forces, as the RAPU responded to the attack and crashed the plane.
This blatant violation of international and humanitarian law and of the declared truce was with the testimony and presence of members of the French embassy who documented the incident.
Due to this cowardly attack and to keep the safety of the French citizens, the rapid support forces had to return the parade to the starting point.
The Rapid Support Forces renew their affirmation of full commitment to the declared truce and the opening of humanitarian corridors to enable citizens to access essential services, and to facilitate the movement of foreign nationals to evacuation areas determined by their governments.

Glory and eternity to the righteous martyrs
Glory and dignity for our fatherly people

The official spokesman of the Rapid Support Forces",2023-04-23 12:19:37,RSF
770644514709087,https://facebook.com/www.rsf.gov.sd/posts/770644514709087,"بسم الله الرحمن الرحيم
قيادة قوات الدعم السريع

نشرة اخبارية 23-4-2023

مواصلة لنهجها المستمر في عدم الالتزام بالعهود إخترقت قوات الانقلاب المسنودة بالجماعات المتطرفة الهدنة المعلنة وقامت بضرب قوات الدعم السريع بمنطقة كافوري بالطيران وشمل الاعتداء منازل المواطنين الابرياء مما أدى الى مقتل وإصابة العشرات .
ندين بشدة هذا المسلك الغادر الذي يتنافى مع الالتزام المعلن بالهدنة ومدتها 72 ساعة.

المجد والخلود للشهداء الابرار
العزة والكرامة لشعبنا الابي
الناطق الرسمي باسم قوات الدعم السريع

In the Name of Allah, the Most Gracious, the Most Merciful
Command of the Quick Support Forces

Newsletter 23-4-2023

Continuing with its ongoing approach of breaking promises, the coup forces based on extremist groups broke through the declared truce and beat up the emergency support forces in the Cafouri area with air and attacked the homes of innocent citizens leading to the death and injury of dozens.
We strongly condemn this treacherous affair which contradicts the declared commitment to the 72-hour truce.

Glory and eternity to the righteous martyrs
Glory and dignity for our fatherly people
The official spokesman of the Rapid Support Forces",2023-04-23 11:13:32,RSF
770491344724404,https://facebook.com/www.rsf.gov.sd/posts/770491344724404,"بسم الله الرحمن الرحيم
قيادة قوات الدعم السريع
بيان هام
23 أبريل 2023
قامت قوات الدعم السريع فجر اليوم الأحد، بالتنسيق مع بعثة القوات الامريكية المكونة من 6 طائرات بغرض إجلاء الدبلوماسيين وأسرهم، بالإشراف على الترتيبات اللازمة التي سبقت عملية الاجلاء، مؤكدة تعاونها الكامل مع البعثات الدبلوماسية كافة ووقوفها إلى جانبهم وتقديم سبل الحماية اللازمة لضمان عودتهم إلى بلدانهم آمنين.
تجدد قوات الدعم السريع التزامها الكامل بعملية وقف إطلاق النار خلال مدة سريان الهدنة المعلنة لأجل فتح الممرات الإنسانية وتمكين المواطنين من الوصول إلى احتياجاتهم.
المجد والخلود للشهداء الابرار
العزة والكرامة لشعبنا الكريم
قيادة قوات الدعم السريع

In the Name of Allah, the Most Gracious, the Most Merciful
Command of the Quick Support Forces
Important statement
23 April 2023
The Emergency Support Forces on Sunday, in coordination with the US Troops Mission of 6 aircrafts, supervising the necessary arrangements ahead of the evacuation process, confirmed its full cooperation with all diplomatic missions and providing the necessary protection measures to ensure their safe return to their countries.
Emergency Response Forces renew their full commitment to a ceasefire operation during the declared truce to open humanitarian corridors and enable citizens to access their needs.
Glory and eternity to the righteous martyrs
Dignity and dignity for our honorable people
Command of the Quick Support Forces",2023-04-23 03:55:08,RSF
770404958066376,https://facebook.com/www.rsf.gov.sd/posts/770404958066376,"رسالة جندي من أرض المعركة : لن يهدأ لنا بال حتى نقضي على الشرزمة التي تروع المواطنين.
نقول للبرهان عرباتنا في الشوارع اضربنا نحن بالطيران ولا تضرب المواطنين العزل.

A soldier's message from the battlefield: We won't have peace of mind until we eliminate the fragility that terrifies citizens.
We say to Burhan that our cars are in the streets, hit us with planes, but isolation does not hit citizens.",2023-04-22 23:16:00,RSF
770324981407707,https://facebook.com/www.rsf.gov.sd/posts/770324981407707,"#قوات_الدعم_السريع: التصدي لهجوم الانقلابيين والفلول بشرق النيل والاستيلاء على 60 مركبة بكامل عتادها وتدمير 10مركبات

#Rapid_Support_Forces: Responding to the attack of the coupists and the East Nile, seizing 60 fully equipped vehicles and destroying 10 vehicles.",2023-04-22 20:27:30,RSF
770294458077426,https://facebook.com/www.rsf.gov.sd/posts/770294458077426,"الان قائد ثاني #قوات_الدعم_السريع الفريق عبدالرحيم حمدان دقلو يتقدم الصفوف الأمامية لمعركة الديمقراطية ويبشر الشعب السوداني بقرب الحسم

Now the second commander of #Quick_Support_Forces, Team Abdul Rahim Hamdan Daqlu is advancing to the front lines of the battle of democracy and heralds the Sudanese people near the decision",2023-04-22 19:28:17,RSF
770266704746868,https://facebook.com/www.rsf.gov.sd/posts/770266704746868,"#قوات_الدعم_السريع : التصنيع الحربي في قبضتنا بعد مطاردة ودحر المعتدين

#Rapid_Support_Forces: The military industry is in our grip after chasing and crushing the aggressors.",2023-04-22 18:36:31,RSF
770249244748614,https://facebook.com/www.rsf.gov.sd/posts/770249244748614,"#قوات_الدعم_السريع : سيطرنا بالكامل على التصنيع الحربي وجاري حصر العتاد المستولى عليه

#Rapid_Support_Forces: We have fully controlled the military industry and the equipment acquired is being restricted",2023-04-22 18:01:54,RSF
770236581416547,https://facebook.com/www.rsf.gov.sd/posts/770236581416547,"بسم الله الرحمن الرحيم
#قوات_الدعم_السريع
نشرة إخبارية
22 أبريل 2023

تصدت قوات الدعم السريع المتمركزة في مواقعها بشرق النيل اليوم إلى هجوم غادر من قوات الانقلابيين والفلول.
وقامت قواتنا بمطاردة القوة المعتدية حتى اوصلتها إلى معسكرها الذي استولت عليه بالكامل.
وفي مدينة بحري تصدت قوات الدعم السريع إلى هجوم أخر من قوات الانقلابيين والفلول المتطرفين محققة انتصارًا كبيرًا بالسيطرة على 60 مركبة عسكرية بكامل عتادها وتدمير 10 مركبات ومقتل العشرات وفرار المئات من القوات المعتدية .
إلى ذلك حاولت قوة من الانقلابيين قوامها 5 مركبات بالهجوم على قواتنا المتمركزة في حي نمرة 2 بالخرطوم حيث تم الاستيلاء على 4 مركبات وتدمير المركبة الخامسة.
وتمكنت قواتنا أيضاً من دحر المعتدين ومطاردتهم والاستيلاء على كامل مقر التصنيع الحربي وجاري الان حصر العتاد الذي تم الاستيلاء عليه.
يذكر ان هذه الانتصارات التي حققتها قوات الدعم السريع تأتي في إطار الدفاع عن أماكن تمركزها التي تحاول قوات الانقلاب والفلول المتطرفين مهاجمتها في تجاوز واضح للهدنة المعلنة التي تلزم الاطراف بعدم تحريك القوات من منطقة إلى أخرى.
فيما سجلت عدد من المناطق المتفرقة بولاية الخرطوم تعديات سافرة من قوات الانقلابيين في تجاوز صريح للهدنة.

المجد والخلود للشهداء الابرار
العزة والكرامة لشعبنا الابي
الناطق الرسمي باسم #قوات_الدعم_السريع

In the Name of Allah, the Most Gracious, the Most Merciful
#قوات_الدعم_السريع
Newsletter
April 22, 2023

Rapid support forces stationed at their locations in the East Nile today responded to an attack left by the coup forces and the Flouls.
Our forces chased the offensive force until it got it to its camp which it has been fully captured.
In a Bahri city, the rapid support forces repelled another attack by the coup forces and extremists, achieving a significant victory by taking control of 60 fully equipped military vehicles, destroying 10 vehicles, killing dozens and hundreds of the offensive forces fleeing.
To this, a force of coup d'état consisting of 5 vehicles tried to attack our troops stationed in the district of Numra 2 in Khartoum where 4 vehicles were seized and the fifth vehicle was destroyed.
Our forces also managed to defeat, hunt down the attackers and seize the entire military industrial base and now confiscating the seized equipment is underway.
It is stated that these victories achieved by the Fast Support Forces come in the context of the defenses of their headquarters, which the extremist Coup and Coup forces are trying to attack in a clear violation of the declared truce that commits the parties not to move troops from one region to another.
While a number of scattered areas in Khartoum state recorded significant violations by the coup forces in a clear violation of the truce.

Glory and eternity to the righteous martyrs
Glory and dignity for our fatherly people
The official spokesperson of #EAS",2023-04-22 17:38:52,RSF
770176051422600,https://facebook.com/www.rsf.gov.sd/posts/770176051422600,"بسم الله الرحمن الرحيم
قيادة #قوات_الدعم_السريع
بيان هام
22 أبريل 2023
أصدرت قيادة قوات الدعم السريع، قراراً قضى بتكليف العقيد/ مصعب محمد أحمد ناطقاً رسمياً بإسم القوات.
المجد والخلود للشهداء الأبرار
العزة والكرامة لشعبنا الأبي
#قوات_الدعم_السريع

In the Name of Allah, the Most Gracious, the Most Merciful
Driving the # Rapid Support Forces
Important statement
April 22, 2023
The Rapid Support Forces Command issued a decision that appointed Colonel / Mosaab Mohammed Ahmed as an official spokesman on behalf of the forces.
Glory and eternity to the righteous martyrs
Glory and dignity for our father people
#قوات_الدعم_السريع",2023-04-22 15:30:42,RSF
769840758122796,https://facebook.com/www.rsf.gov.sd/posts/769840758122796,"بسم الله الرحمن الرحيم
قيادة #قوات_الدعم_السريع
21 أبريل 2023
تماشيا مع الهدنة الانسانية التي اعلنتها قوات الدعم السريع لـ 72 ساعة بدأت منذ صباح اليوم الجمعة، وسعيا منها لتسهيل حركة المواطنين والمقيمين؛ تعلن قوات الدعم السريع استعدادها لفتح جميع مطارات السودان أمام حركة الملاحة الجوية جزئياً لتمكين الدول الشقيقة والصديقة التي تود اجلاء رعاياها من مغادرة البلاد بسلام .
وتؤكد قوات الدعم السريع استعدادها التام للتعاون والتنسيق وتقديم التسهيلات كافة التي تمكن الجاليات والبعثات من مغادرة البلاد بأمان.
المجد والخلود للشهداء الأبرار
العزة والكرامة لشعبنا الأبي
قيادة #قوات_الدعم_السريع

In the Name of Allah, the Most Gracious, the Most Merciful
Driving the # Rapid Support Forces
April 21, 2023
In line with the humanitarian truce announced by the Emergency Support Forces for 72 hours that started since Friday morning, and seeking to facilitate the movement of citizens and residents; the Emergency Support Forces announce their readiness to open all Sudan airports in front of the air navigation movement in part to enable sister and friend countries that want to evacuate their citizens to leave the country in peace.
The Rapid Support Forces confirm their full readiness to cooperate, coordinate and provide all facilities that enable communities and missions to safely leave the country.
Glory and eternity to the righteous martyrs
Glory and dignity for our father people
Driving the # Rapid Support Forces",2023-04-22 00:25:50,RSF
769827068124165,https://facebook.com/www.rsf.gov.sd/posts/769827068124165,"بسم الله الرحمن الرحيم
قيادة #قوات_الدعم_السريع
21 أبريل 2023
تنفي قوات الدعم السريع المزاعم المتداولة على وسائل التواصل الاجتماعي بشأن اقتحام القوات لاحد السجون وإطلاق سراح السجناء.
وتشير قوات الدعم السريع إلى أن الانقلابيون وأعوانهم من الفلول نشطوا في حملة أكاذيب وشائعات مضللة للتغطية على هزائمهم في أرض المعركة وهو نهج مكشوف ظلت تمارسه المجموعة الانقلابية وابواقها بعد كل خطوة فاشلة عبر نسج الأكاذيب لإلهاء الشعب ومن ثم الانتقال إلى مخطط جديد.
ان قوات الدعم السريع سبق وأن نبهت في بيان أمس الأول من عمليات توزيع لزي القوات على عناصر من الفلول لتنفيذ أعمال إجرامية والصاق التهمة في الدعم السريع.
المجد والخلود للشهداء الأبرار
العزة والكرامة لشعبنا الأبي
قيادة #قوات_الدعم_السريع

In the Name of Allah, the Most Gracious, the Most Merciful
Driving the # Rapid Support Forces
April 21, 2023
Emergency Response Forces deny claims circulating on social media about troops storming into prisons and releasing prisoners.
The Rap Support Forces point out that the coup d'état and their bean helpers have been active in a campaign of lies and misleading rumors to cover their defeats on the battlefield, an exposed approach that the coup group and its horns continued to practice after each failed step through the fabric of lies to distract the people and then move on to a new scheme.
In yesterday's first statement, the Rapid Support forces had already alerted about the distribution of troops uniforms on elements of beans to carry out criminal activities and the accused in the Rapid Support.
Glory and eternity to the righteous martyrs
Glory and dignity for our father people
Driving the # Rapid Support Forces",2023-04-21 23:52:38,RSF
769823994791139,https://facebook.com/www.rsf.gov.sd/posts/769823994791139,"اخوان في الإنسانية وتجمعنا الروح الوطنية

Brothers in humanity and the patriotic spirit unites us",2023-04-21 23:45:34,RSF
769811151459090,https://facebook.com/www.rsf.gov.sd/posts/769811151459090,"حينما يقول الجنود.. هُزم الانقلابيون

When a soldier says... The coup d'état has been defeated.",2023-04-21 23:12:38,RSF
769772664796272,https://facebook.com/www.rsf.gov.sd/posts/769772664796272,"مشاهد من الهروب الكبير صباح العيد.. #الدعم_السريع تطارد القوات الانقلابية بشارع مدني

Scenes from the great escape this morning of Eid.. #Quick_Support chases the coup forces on a civil street",2023-04-21 21:34:20,RSF
769713924802146,https://facebook.com/www.rsf.gov.sd/posts/769713924802146,"في معركة جديدة.. #الدعم_السريع يدمر عتاد القوات الانقلابية المساندة من الدمازين على مشارف الخرطوم

in a new battle.. #Rapid_Support destroys the equipment of the coup forces backed by Damazin on the outskirts of Khartoum",2023-04-21 19:27:38,RSF
769696621470543,https://facebook.com/www.rsf.gov.sd/posts/769696621470543,"#الدعم_السريع يبسط سيطرته على وسط العاصمة الخرطوم في أول أيام العيد

#Vast_Support simplifies its control over the center of the capital Khartoum on the first days of Eid",2023-04-21 18:54:52,RSF
769679578138914,https://facebook.com/www.rsf.gov.sd/posts/769679578138914,"#الدعم_السريع يخوض معركته حتى الآن من غنائم القوات الانقلابية

# Rapid_Support is still fighting its battle from the loot of the Revolutionary Forces",2023-04-21 18:23:12,RSF
769662748140597,https://facebook.com/www.rsf.gov.sd/posts/769662748140597,"#الدعم_السريع تستولي على سيارات مدرعة وأسلحة ثقيلة من القوات الانقلابية في شارع مدني

#Fast_Support seizes armored cars and heavy weapons from the coup forces in Madani Street",2023-04-21 17:56:01,RSF
769636111476594,https://facebook.com/www.rsf.gov.sd/posts/769636111476594,"عهدنا مع الشعب.. كسر الانقلابيين وكتائب الظل

Our pledge to the people.. Breaking the coup d'état and shadow battalions",2023-04-21 17:23:20,RSF
769596841480521,https://facebook.com/www.rsf.gov.sd/posts/769596841480521,"اشاوس #قوات_الدعم_السريع يرسلون تهاني عيد الفطر المبارك من داخل مباني هيئة الإذاعة والتلفزيون، ويطمئنون الشعب السوداني بحماية مكتسبات ثورته المجيدة

Chaos # Rapid Support Forces send Eid Al-Fitr greetings from inside the premises of the RTV and Radio Authority, and reassure the Sudanese people of protecting the gains of their glorious revolution",2023-04-21 16:21:10,RSF
769585718148300,https://facebook.com/www.rsf.gov.sd/posts/769585718148300,"الدعم السريع ينهي أسطورة الانقلابيين في ملحمة يوم العيد بشارع مدني

Rapid support ends the legend of the coup d'état in the epic of Eid Day in Madani Street",2023-04-21 15:58:59,RSF
769360864837452,https://facebook.com/www.rsf.gov.sd/posts/769360864837452,"بسم الله الرحمن الرحيم
قيادة قوات الدعم السريع
بيان هام
21-4-2023
بناءًا على تفاهمات دولية واقليمية ومحلية وافقنا على هدنة انسانية لمدة 72 ساعة تبدأ اعتبارًا من الساعة السادسة من صباح اليوم .
وننوه الى ان الهدنة تأتي تزامنا مع عيد الفطر المبارك ولفتح ممرات إنسانية لاجلاء المواطنين واتاحة الفرصة لهم لمعايدة ذويهم .
وبهذه المناسبة الطيبة نبعث بأحر التهاني والتبريكات الى جماهير شعبنا العظيم على إمتداد الوطن، كما نهني الأمتين العربية والاسلامية سائلين الله تعالي أن يعود علينا وبلادنا أكثر أمنًا وإستقرار ونماء.
نعزي في هذا اليوم عموم السودانيين في الأرواح البريئة التي فقدت بسبب هذه الأوضاع التي لم نختارها ، لأننا أجبرنا على اختيارها دفاعًا عن النفس والتصدي لانقلاب قيادة القوات المسلحة الذين يحركهم الكيزان المتطرفين الارهابيين لإعاقة العملية السياسية وقطع الطريق امام العودة الى المسار الديمقراطي .
وتود قيادة الدعم السريع ان تبعث برسالة خاصة الى شرفاء القوات المسلحة ضباط وضباط صف وجنود، لقد حان وقت الانحياز لخيار الشعب الذي يتطلع الى التحول الديمقراطي، ولقد تابعنا مغادرة المئات منكم ساحة القتال والعودة آمنين الى منازلهم نشيد بهذه الخطوة ونرحب بالآخرين الذين لازالوا يحملون السلاح .
ان قوات الدعم السريع من رحم هذا الشعب تقف الى جانبه تدعم خياراته وتسعى لتحقيق تطلعاته المشروعة في الحرية والعدالة والديمقراطية وسيادة حكم القانون.
نؤكد التزامنا خلال فترة الهدنة المعلنة بالوقف الكامل لاطلاق النار ،ونحذر من تجاوزات الطرف الاخر المستمرة في عدم الالتزام بما يعلن عنه من هدنة .
المجد والخلود للشهداء الابرار
العزة والكرامة لشعبنا الكريم
قوات الدعم السريع

In the Name of Allah, the Most Gracious, the Most Merciful
Command of the Quick Support Forces
Important statement
21-4-2023
Based on international, regional and local agreements, we have agreed on a 72-hour humanitarian truce starting from 6 am today.
We note that the truce comes in conjunction with the blessed Eid al-Fitr and to open humanitarian corridors to evacuate citizens and give them the opportunity to greet their relatives.
On this auspicious occasion, we extend our warmest congratulations and blessings to the masses of our great people on the expansion of the country, and we also congratulate the Arab and Islamic nations, praying to Allah Almighty to return to us and our country more secure, stable and growing.
On this day, we condole all Sudanese on the innocent lives lost due to these situations that we did not choose, because we were forced to choose self-defense and to counter the coup of the armed forces leadership driven by the extremist Kizan terrorist to hinder the political process and block the path for returning to the democratic path.
The Rapid Support Leadership would like to send a special message to the honorable armed forces officers, line officers and soldiers, it is time to take side with the choice of the people who are looking forward to democratic transformation, and we have followed hundreds of you leaving the battlefield and returning safely to your homes. We salute this step and welcome others who are still holding arms.
The rapid support forces from the womb of this people stand by his side supporting his choices and seeking to achieve his legitimate aspirations of freedom, justice, democracy and the rule of law.
We confirm our commitment during the declared truce period to a complete ceasefire, and we warn of the transgressions of the other party in not abiding with what is announced as a truce.
Glory and eternity to the righteous martyrs
Dignity and dignity for our honorable people
Quick Support Forces",2023-04-21 06:33:40,RSF
769298534843685,https://facebook.com/www.rsf.gov.sd/posts/769298534843685,"بسم الله الرحمن الرحيم
قيادة #قوات_الدعم_السريع
بيـان هـام
21 أبريل 2023
في هذه اللحظة التي يستعد فيها المواطنون لاستقبال أول يوم من أيام عيد الفطر المبارك، تستفيق أحياء العاصمة الخرطوم على وقع قنابل الطائرات والمدافع الثقيلة في هجوم كاسح استهدف بشكل مباشر الأحياء السكنية.
نحن نشجب بأشد العبارات هذا السلوك البربري من قيادة القوات المسلحة الانقلابية التي تحركها أيادي الارهابيين المتطرفين الذين يعادون الشعب السوداني وليس قوات الدعم السريع من خلال هذا التصرف الأخرق.
نجدد الدعوة لشرفاء القوات المسلحة الذين يستخدمهم الانقلابيون لأغراض دنيئة بالانحياز لخيارات الشعب، وقطع الطريق أمام مخططات قوى الظلام القذرة التي تستهدف أبناءكم وأسركم بقنابل الطائرات والمدافع.
المجد والخلود للشهداء الابرار
العزة والكرامة لشعبنا الكريم
قيادة #قوات_الدعم_السريع

In the Name of Allah, the Most Gracious, the Most Merciful
Driving the # Rapid Support Forces
Important statement
April 21, 2023
At this moment when citizens are getting ready to receive the first day of the holy days of Eid Al-Fitr, the neighborhoods of the capital Khartoum wake up to the fall of aircraft bombs and heavy artillery in a massive attack targeting directly residential neighborhoods.
We strongly condemn this barbaric behavior from the leadership of the Revolutionary Armed Forces that are driven by the hands of extremist terrorists who are against the Sudanese people and not the Rapid Support Forces through this senseless act.
We renew the call for the honours of the armed forces being used by the coup d'état for nefarious purposes by taking sides with the people's choices, and to cut the way against the dirty schemes of dark forces targeting your children and families with bombs and cannons.
Glory and eternity to the righteous martyrs
Dignity and dignity for our honorable people
Driving the # Rapid Support Forces",2023-04-21 04:08:13,RSF
769266261513579,https://facebook.com/www.rsf.gov.sd/posts/769266261513579,"بسم الله الرحمن الرحيم
قيادة #قوات_الدعم_السريع
بيان هام
أعلنت قيادة قوات الدعم السريع، تشكيل غرفة للاتصال وتلقي البلاغات والشكاوى ونداءات الاستغاثة من المواطنين والمقيمين من الجنسيات المختلفة في أماكن سيطرة القوات بالخرطوم.
وتعمل الغرفة تحت إشراف قوة تضم تخصصات مختلفة قانونية، طبية، وفرق انقاذ، وسيتم تخصيص اليات اتصال مباشرة تعمل على مدار الـ 24 ساعة لتقديم المساعدات الانسانية والمساهمة في عمليات الاجلاء وحسم التفلتات.
للتواصل:
- للتواصل عبر التلغرام
t.me/RSF_Citizens_Helpline

In the Name of Allah, the Most Gracious, the Most Merciful
Driving the # Rapid Support Forces
Important statement
The command of the Rapid Support Forces announced, formation of a contact room and receive reports, complaints and calls for help from citizens and residents of different nationalities in the areas of the forces control in Khartoum.
The room is operated under the supervision of a force that encompasses various legal, medical, and rescue teams, and 24-hour direct communication mechanisms will be deployed to provide humanitarian assistance, contribute to evacuation and settlement operations.
To connect:
- To contact via Telegram
t.me/RSF_Citizens_Helpline",2023-04-21 02:29:27,RSF
768901244883414,https://facebook.com/www.rsf.gov.sd/posts/768901244883414,"بسم الله الرحمن الرحيم
قيادة قوات الدعم السريع
بيان هام
20 أبريل 2023
تقديرًا للعلاقات التاريخية والأخوية المتميزة التي تربط شعبي السودان ومصر ووفاءا بالتزامها المعلن بالمحافظة على رعايا الشقيقة مصر وامتثالًا للقوانين والأعراف الدولية قامت قوات الدعم السريع صباح اليوم الخميس الموافق 20 أبريل 2023م بتسليم (27) عسكريًا من رعايا جمهورية مصر العربية الشقيقة إلى الصليب الاحمر الدولي ويذكر أن الجنود المصريين الذين جرى تسليمهم اليوم كانوا متواجدين في قاعدة مروي العسكرية وتحفظت عليهم قوات الدعم السريع في الفترة من 15 إلى 20 أبريل 2023 وهم في حالة صحية ممتازة حتى لحظة تسليمهم بكافة متعلقاتهم للجنة الدولية للصليب الأحمر.
وتود قوات الدعم السريع أن تتقدم بوافر الشكر لحكومة جمهورية مصر العربية بقيادة فخامة الرئيس عبد الفتاح السيسي، كما تشكر جهود دولة الامارات العربية المتحدة والمملكة العربية السعودية وجميع الدول الشقيقة والصديقة التي تواصلت مع قيادة الدعم السريع في هذا الشأن، وشكر خاص للجنة الدولية للصليب الأحمر على التعاون والتنسيق.
المجد والخلود للشهداء الابرار
العزة والكرامة لشعبنا الكريم
قيادة قوات الدعم السريع

In the Name of Allah, the Most Gracious, the Most Merciful
Command of the Quick Support Forces
Important statement
April 20, 2023
In appreciation of the historic and special brotherhood relationships that bind the people of Sudan and Egypt, and in fulfillment of their declared commitment to preserve the sisterhoods of Egypt, and in compliance with international laws and customs, the Fast Support Forces, on Thursday morning, April 20, 2023, handed over (27) military members of the sister Arab Republic of Egypt to the International Red Cross, and states that the Egyptian soldiers Those who were delivered today were at Marawi Military Base and were kept by the Rapid Support Forces from 15 to 20 April 2023 and are in excellent health until the moment of their handover with all their belongings to the International Committee of the Red Cross.
The Rapid Support Forces would like to extend its thanks to the Government of the Arab Republic of Egypt led by His Excellency President Abdul Fattah El-Sisi, and also thank the efforts of the United Arab Emirates, Saudi Arabia and all sister and friend countries that contacted the Rapid Support Command in this regard, and a special thanks to the International Committee of the Red Cross for cooperation and coordination.
Glory and eternity to the righteous martyrs
Dignity and dignity for our honorable people
Command of the Quick Support Forces",2023-04-20 12:15:24,RSF
768871561553049,https://facebook.com/www.rsf.gov.sd/posts/768871561553049,"بسم الله الرحمن الرحيم
قيادة #قوات_الدعم_السريع
نشرة اخبارية
20 أبريل 2023
برغم الهدنة المعلنة منذ مساء الأمس هاجمت القوات الانقلابية صباح اليوم قوات الدعم السريع المتمركزة في غرب أمدرمان، لكن القوات تصدت للهجوم وكبدت الانقلابيين خسائر باهظة في الارواح والعتاد من بينها اسقاط طائرتين مروحيتين.
فيما ظلت قواتنا منذ إعلان الهدنة ملتزمة بمواقعها وبوقف إطلاق النار.

قيادة #قوات_الدعم_السريع

ـــــــــــــــــــــــ
#العزة_والمجد_للوطن
#قوات_الدعم_السريع
#جاهزية_سرعة_حسم

In the Name of Allah, the Most Gracious, the Most Merciful
Driving the # Rapid Support Forces
Newsletter
April 20, 2023
Despite the declared truce since yesterday evening, the coup forces attacked this morning the express support forces based in west Omdurman, but the forces repelled the attack and caused the coup heavy casualties, including the shooting down of two helicopters.
Meanwhile, our forces have remained committed to their locations and a ceasefire since the truce was declared.

Driving the # Rapid Support Forces

ـــــــــ
#العزة_والمجد_للوطن
#قوات_الدعم_السريع
#جاهزية_سرعة_حسم",2023-04-20 10:58:31,RSF
768617318245140,https://facebook.com/www.rsf.gov.sd/posts/768617318245140,"بسم الله الرحمن الرحيم
قيادة قوات الدعم السريع
19 أبريل 2023
امتدادًا لتصرفاتها الجبانة قامت قيادة القوات المسلحة الانقلابية بسحب الموقع الالكتروني لقوات الدعم السريع وبث رسائل غير أخلاقية وهو سلوك غير جديد عليها فقد ظلت تستخدم مؤسسات الدولة ومنها الهيئة العامة للاتصالات التي تقوم من خلالها بأعمال قذرة تنتهك خصوصيات المواطنين.
هذه الاعمال الاجرامية ينبغي أن تتوقف وإلى الأبد بالتخلص من هذه الطغمة المتجبرة التي تشكل امتدادًا للنظام البائد في كافة تصرفاتها.
وننوه جماهير شعبنا والرأي العام الاقليمي والدولي، إلى عدم التعامل مع ما ينشر في الموقع الالكتروني لقوات الدعم السريع الذي بات الآن ملكًا لقيادة القوات المسلحة الذي تمت سرقته عبر الهيئة العامة للاتصالات وبالتالي ما نشر وما سينشر بالموقع لاحقًا يعبر عن قيادة القوات المسلحة الانقلابية تمامًا.
ونشير إلى أن اي معلومات تخص الدعم السريع ستجدونها منشورة في صفحات القوات على موقع التواصل الاجتماعي ""فيس بوك"" و""تويتر"" وفي صفحات قائد قوات الدعم السريع الموثقة.
المجد للشهداء الابرار
العزة والكرامة لشعبنا الكريم
قيادة قوات الدعم السريع

In the Name of Allah, the Most Gracious, the Most Merciful
Command of the Quick Support Forces
19 April 2023
In addition to its cowardly behavior, the leadership of the Revolutionary Armed Forces has pulled down the website of the Rapid Support Forces and broadcasted immoral messages, which is not new to it. State institutions, including the Public Communications Authority, have been used by them, to do dirty works that violate the privacy of citizens.
These criminal acts must stop and forever by getting rid of this arrogant mob that is an extension of the existing regime in all its actions.
We warn the masses of our people and the regional and international public opinion not to deal with what is published on the website of the Rapid Support Forces, which is now owned by the leadership of the Armed Forces, which was stolen through the General Telecommunications Authority, and therefore what was published and what will be published later on the site represent a completely coup armed forces leadership.
We point out that any information related to the emergency support will be posted on the social media pages of the forces ""Facebook"" and ""Twitter"" and on the pages of the authentic commander of the emergency support forces.
Glory to the righteous martyrs
Dignity and dignity for our honorable people
Command of the Quick Support Forces",2023-04-20 00:56:30,RSF
768502124923326,https://facebook.com/www.rsf.gov.sd/posts/768502124923326,"بسم الله الرحمن الرحيم
قيادة #قوات_الدعم_السريع
بيان هام

أعلنت قيادة قوات الدعم السريع، تشكيل غرفة للاتصال وتلقي البلاغات والشكاوى ونداءات الاستغاثة من المواطنين والمقيمين من الجنسيات المختلفة في أماكن سيطرة القوات بالخرطوم.
وتعمل الغرفة تحت إشراف قوة تضم تخصصات مختلفة قانونية، طبية، وفرق انقاذ، وسيتم تخصيص اليات اتصال مباشرة تعمل على مدار الـ 24 ساعة لتقديم المساعدات الانسانية والمساهمة في عمليات الاجلاء وحسم التفلتات.

للتواصل:
- اتصال مباشر + واتساب 0925099716

تنويه: يجب عدم التعامل مع أي أرقام أخرى غير الرقم المرفق

In the Name of Allah, the Most Gracious, the Most Merciful
Driving the # Rapid Support Forces
Important statement

The command of the Rapid Support Forces announced, formation of a contact room and receive reports, complaints and calls for help from citizens and residents of different nationalities in the areas of the forces control in Khartoum.
The room is operated under the supervision of a force that encompasses various legal, medical, and rescue teams, and 24-hour direct communication mechanisms will be deployed to provide humanitarian assistance, contribute to evacuation and settlement operations.

To connect:
- Direct call + WhatsApp 0925099716

Disclaimer: Do not deal with any other numbers other than the attached number",2023-04-19 20:24:39,RSF
768445744928964,https://facebook.com/www.rsf.gov.sd/posts/768445744928964,"#قوات_الدعم_السريع تتصدى للقوات الانقلابية في حي جبرة بالخرطوم

#Rapid_Support_Forces confront the coup forces in Jabra district in Khartoum",2023-04-19 18:29:16,RSF
768403188266553,https://facebook.com/www.rsf.gov.sd/posts/768403188266553,"بسم الله الرحمن الرحيم
قيادة #قوات_الدعم_السريع
19-4-2023
#عاجل

في خطوة جبانة منافية للقوانين والاعراف الدولية والاخلاق هاجمت قوات عسكرية بالاسلحة الثقيلة والخفيفة منازل الاسر والمواطنين الذين لا علاقة لهم بالعمل العسكري بحي جبرة بالخرطوم.
هذا المسلك الجبان من قبل قادة القوات المسلحة الانقلابية ومن خلفها الارهابين المتطرفين لن يمر مرور الكرام.

المجد والخلود للشهداء الابرار
العزة والكرامة لشعبنا الكريم
#قوات_الدعم_السريع

In the Name of Allah, the Most Gracious, the Most Merciful
Driving the # Rapid Support Forces
19-4-2023
#عاجل

In a cowardly step against international laws, customs and ethics, military forces attacked with heavy and light weapons the homes of families and citizens who have nothing to do with military work in Jabra neighborhood in Khartoum.
This cowardly issue by the leaders of the coup armed forces and behind it the extremist terrorists will not pass the passage of dignity.

Glory and eternity to the righteous martyrs
Dignity and dignity for our honorable people
#قوات_الدعم_السريع",2023-04-19 17:32:20,RSF
768355748271297,https://facebook.com/www.rsf.gov.sd/posts/768355748271297,"بسم الله الرحمن الرحيم
قيادة #قوات_الدعم_السريع
نشرة اخبارية

تمت الموافقة على هدنة لمدة 24 ساعة تبدأ من الساعة السادسة من مساء اليوم الاربعاء الموافق 19-4-2023 حتى السادسة من مساء غدا الخميس 20-4-2023 ونؤكد التزامنا التام بوقف كامل لاطلاق النار ونأمل ان يلتزم الطرف الاخر بالهدنة حسب التوقيت المعلن.

المجد والخلود للشهداء الابرار
العزة والكرامة لشعبنا الكريم
قوات الدعم السريع

In the Name of Allah, the Most Gracious, the Most Merciful
Driving the # Rapid Support Forces
Newsletter

A 24-hour truce has been approved starting from six pm today Wednesday 19-4-2023 until six pm tomorrow Thursday 20-4-2023 and we reaffirm our full commitment to a full ceasefire and we hope that the other party will commit to the truce according to the announced time.

Glory and eternity to the righteous martyrs
Dignity and dignity for our honorable people
Quick Support Forces",2023-04-19 16:31:42,RSF
768331518273720,https://facebook.com/www.rsf.gov.sd/posts/768331518273720,"بصمود وبسالة.. #الدعم_السريع يدمر دبابة للقوات الانقلابية
#كلاشنكوف_ودبابة

With perseverance and perseverance.. # Rapid_support destroys a tank for the coup forces
#كلاشنكوف_ودبابة",2023-04-19 15:44:27,RSF
768315628275309,https://facebook.com/www.rsf.gov.sd/posts/768315628275309,"بسم الله الرحمن الرحيم

#قوات_الدعم_السريع
تعلن قوات الدعم السريع، نقل الرعايا المصريين الذين كانوا في مطار مروي خلال الاشتباكات التي وقعت مع القوات الانقلابية السبت الماضي، إلى العاصمة الخرطوم.
نطمئن أسر وحكومة مصر بأن الجنود الذين كانوا يتواجدون في قاعدة مروي العسكرية جميعهم بخير ويتلقون الرعاية اللازمة وسيتم تسليمهم متى سنحت الفرصة المناسبة لذلك وفقاً للأوضاع التي تمر بها البلاد.

قوات الدعم السريع

In the Name of Allah, the Most Gracious, the Most Merciful

#قوات_الدعم_السريع
Transferring Egyptian nationals who were at Marawi airport during clashes with the coup forces last Saturday, to the capital Khartoum, announce Rapid Support Forces.
We assure the families and the government of Egypt that the soldiers who were present at the Marawi military base are all fine and receiving the necessary care and will be delivered when the opportunity arises, according to the current situation in the country.

Quick Support Forces",2023-04-19 15:09:02,RSF
768233721616833,https://facebook.com/www.rsf.gov.sd/posts/768233721616833,"سم الله الرحمن الرحيم
#قوات_الدعم_السريع
نشرة اخبارية

مواصلة تعدياتها السافرة وخروقاتها المستمرة بسبب تعدد مراكز القرار بداخلها، كسرت قيادة القوات المسلحة الانقلابية ومن خلفها مجموعات الهوس الديني الارهابية المتشددة الهدنة المعلنة لمدة 24 ساعة بقيامها بالأعمال التالية بعد دخول موعد الهدنة الإنسانية:
1- تحريك قوات عسكرية ومليشيات مسلحة من عدة مدن نحو الخرطوم ومحاولة هذه القوات مهاجمة أماكن تمركز قواتنا وذلك في أولى ساعات الهدنة.
2- استمرار عمليات القذف بالطائرات على التجمعات السكانية بما في ذلك المستشفيات.
3- مواصلة الهجوم بالأسلحة الثقيلة على مواقع تمركز قواتنا وإطلاق القنابل عشوائيًا مما تسبب في مقتل وإصابة العشرات من المواطنين وتدمير المستشفيات والمرافق العامة والاسواق الى جانب تسببه في حالة من الرعب والخوف في نفوس المواطنين.
4- نشر مليشيات الامن الشعبي والدفاع الشعبي وكتائب المجاهدين المتطرفين في الأحياء السكنية التي اجبرت السكان على مغادرة منازلهم.
5- ظهور مركزين في قيادة الانقلاب مما تسبب في عدم السيطرة على القوات وبالتالي تعدد القرارات.
6- قذف خطوط امداد المياه والكهرباء بالاسلحة الثقيلة مما فاقم الوضع المعيشي للمواطنين لارتباط خدمتي المياه والكهرباء بالكثير من الخدمات الضرورية.
ترحب قيادة قوات الدعم السريع بانضمام عدد كبير من شرفاء القوات المسلحة من ضباط ورتب اخرى لخيار الشعب السوداني ، وندعو بقية الشرفاء للانضمام او الانسحاب من مواقع القتال مع الالتزام بتوفير ضمانات تسهل لهم العودة الى منازلهم أمنين.

المجد والخلود للشهداء الابرار
العزة والكرامة لشعبنا الكريم
#قوات_الدعم_السريع
19-4-2023

In the name of Allah, the Most Gracious the Most Merciful
#قوات_الدعم_السريع
Newsletter

Continuing its traveling transgressions and continuous violations due to the multiple decision centers within it, the leadership of the armed forces of the coup and behind it the extremist religious maniac terrorist groups broke the 24-hour truce announced by doing the following actions after the entry of the humanitarian truce:
1- Moving military and armed militias from several cities towards Khartoum and these forces attempt to attack the locations of our forces in the first hours of the truce.
2- Continuation of throwing of planes on residential gatherings, including hospitals.
3- Continuing the attack with heavy weapons on the locations of our troops stationed and randomly firing bombs, which caused the killing and injuring dozens of citizens, destroying hospitals, public facilities and markets, as well as causing a state of terror and fear in the souls of citizens.
4- The deployment of the People's Security, People's Defense militias and extremist Mujahideen brigades in residential neighborhoods that forced residents to leave their homes.
5- The emergence of concentrated leaders in the coup, which caused the lack of control of the forces and therefore multiple decisions.
6- Throwing water and electricity supply lines with heavy weapons, which worsened the living situation of citizens to connect water and electricity services with many essential services.
The leadership of the Rapid Support Forces welcomes the joining of a large number of honorable members of the Armed Forces of officers and other ranks to the choice of the Sudanese people, and we call on the rest of the honorable people to join or withdraw from the fighting sites with a commitment to providing guarantees that facilitate them to return to their homes safely.

Glory and eternity to the righteous martyrs
Dignity and dignity for our honorable people
#قوات_الدعم_السريع
19-4-2023",2023-04-19 11:47:39,RSF
768213088285563,https://facebook.com/www.rsf.gov.sd/posts/768213088285563,"المفتش العام للجيش: ما يحدث محاولة لاعادة نظام المؤتمر الوطني للحكم

The Inspector General of the Army: What is Happening Attempt to Restore the National Congress System to Rule",2023-04-19 10:55:13,RSF
768068111633394,https://facebook.com/www.rsf.gov.sd/posts/768068111633394,"بسم الله الرحمن الرحيم

قيادة #قوات_الدعم_السريع

#توضيح

ظهر خلال فيديوهات متداولة أفراد يتبعون لهيئة العمليات وكتائب الظل ومجاهدي الحركة الإسلامية يرتدون زي قوات الدعم السريع ويقومون بنهب المحال التجارية وحرق الأسواق، للتعويض عن الهزائم الكاسحة التي تجرعوها في أرض المعركة.
ونؤكد ان جهود قواتكم الباسلة منصبه على هدف واحد وهو الإنتصار لتطلعات الشعب السوداني وحماية حقه في الحرية والسلام والعدالة، ونهيب بكم التبليغ عن أي مظهر من مظاهر التعدي لاقرب ارتكاز من ارتكازات قواتكم المنتشرة بالعاصمة حتى تتصدى لهم بقوة وحسم.

دائرة الإعلام
الأربعاء 19 ابريل 2023م

In the Name of Allah, the Most Gracious, the Most Merciful

Driving the # Rapid Support Forces

#توضيح

During circulating videos, members of the Operations Authority, shadow battalions and Islamic Movement fighters have appeared dressed in the uniform of the Quick Support Forces and looting shops and burning markets, to compensate for the sweeping defeats they have suffered on the battlefield.
We confirm that the efforts of your valiant forces have one goal, which is to win the aspirations of the Sudanese people and protect their right to freedom, peace and justice, and we urge you to report any appearance of aggression to the nearest concentration of your troops deployed in the capital so that you can deal with them strongly and decisively.

Department of media
Wednesday April 19, 2023 AD",2023-04-19 04:54:10,RSF
767854641654741,https://facebook.com/www.rsf.gov.sd/posts/767854641654741,"بسم الله الرحمن الرحيم
قوات الدعم السريع
بيان هام
مواصلة لخروقاتها منذ اندلاع المعارك السبت الماضي، لا تزال القوات المسلحة سادرة في غيها بارتكاب أفظع الجرائم بحق المدنيين مخالفة للقانون الدولي الإنساني وقواعد الاشتباك وخرق الهدنة المتفق عليها بوساطة دولية.
رصدنا في أولى ساعات الهدنة المعلنة هجوم متفرق على قواتنا في بعض المناطق بالعاصمة الخرطوم في منطقتي القيادة العامة وشرق النيل.
عليه نعلن للمجتمع الدولي أن القوات الانقلابية ليس لديها عهد ولا أدنى مسؤولية تجاه المواطن السوداني.
نحن في قوات الدعم السريع أبدينا التزامنا الكامل للوساطة الامريكية والمجتمع الدولي والوسطاء بما تعهدنا عليه لأجل مرور المساعدات الإنسانية والطبية ووصول المرضى والجرحى إلى المستشفيات.
ندين هذا السلوك العدواني المخالف للقواعد الإنسانية للقوات الانقلابية المسنودة بكتائب الظل وقوى الظلام، في حرمان الشعب السوداني من التمتع بحقه في الحياة وتلقي العلاج.
قيادة قوات الدعم السريع
18 ابريل 2023

In the Name of Allah, the Most Gracious, the Most Merciful
Quick Support Forces
Important statement
Continuing its violations since the outset of battles last Saturday, the armed forces are still dominant in committing the most heinous crimes against civilians in violation of international humanitarian law, clash rules and violation of the truce agreed upon by internationally mediation.
In the first hours of the declared truce, we observed a separate attack on our forces in some areas in the capital Khartoum, in the two areas of the General Command and the East Nile.
We must announce to the international community that the coup forces have no covenant and no responsibility towards the Sudanese citizen.
We, at the Rapid Support Forces, have shown our full commitment to the American mediation, the international community, and mediators with our pledges for the passage of humanitarian and medical assistance and the access of the patients and wounded to hospitals.
We condemn this aggressive behavior that is against the human rules of the coup forces based on the shadow battalions and the dark forces, in denying the Sudanese people the enjoyment of their right to life and receiving treatment.
Command of the Quick Support Forces
18 April 2023",2023-04-18 20:11:08,RSF
767765584996980,https://facebook.com/www.rsf.gov.sd/posts/767765584996980,"#الدعم_السريع.. مشاهدات حية من داخل مباني القيادة العامة

#Fast Support .. Live views from inside the general headquarters buildings",2023-04-18 17:45:59,RSF
767672995006239,https://facebook.com/www.rsf.gov.sd/posts/767672995006239,"بسم الله الرحمن الرحيم
قوات الدعم السريع
نشرة اخبارية

اظهر التضارب الواضح في تصريحات قائد مجموعة القوات المسلحة الانقلابية والصفحة الرسمية للقوات المسلحة من عملية الهدنة الإنسانية التي وافقت عليها قوات الدعم السريع وجود مركزين للقرار داخل مجموعة الانقلابيين وجماعة الهوس الديني.
ففي الوقت الذي أعلن فيه الهارب البرهان موافقته على الهدنة لمدة 24 ساعة خرجت علينا صفحة القوات المسلحة بتصريح فطير وساذج يحوي إدعاءات كاذبة حول وجود جهة اقليمية تحاول انزال مساعدات عسكرية لقواتنا المسيطرة على مطار المدينة.
ونشير الى ان اختلاف المواقف الذي وضح من التصريحين ( قائد المجموعة الانقلابية وصفحة القوات المسلحة) يؤكد الحقيقة التي تكشفت لنا منذ وقت مبكر عن إختطاف جماعات الهوس الديني المتشددة إرادة وقرار القوات المسلحة وتجيره لصالح اجندتهم الخبيثة ، كما يكشف بجلاء عن عمليات القرصنة لمعظم مؤسسات الدولة وعلى رائسها الصفحات الرسمية للقوات المسلحة ووزارة الخارجية السودانية مما يتطلب عدم التعامل مع أي معلومات ترد عبرها.
نود أن ننبه الى مخاوفنا المسبقة من تسبب تعدد مراكز القرار داخل المجموعة الانقلابية في عدم الالتزام بالهدنة المعلنة وعلى المجتمع الدولي والاقليمي إدراك هذه الحقيقة أثناء تعامله ونقاشه مع قيادة القوات المسلحة الانقلابية ومن خلفها جماعة الهوس الديني المتطرفة.
ونجدد التزامنا الصارم بالهدنة المعلنة والتي بادرنا بالاستجابة لها تقديرًا للظروف التي يتعرض لها المدنيين ولتمكين الطواقم الطبية والانسانية من القيام بدورها.
ونثمن عاليًا جهود الولايات المتحدة الامريكية ودولة الامارات العربية المتحدة والمملكة العربية السعودية والدول الشقيقة في محيطنا العربي والافريقي والاتحاد الاوروبي والامم المتحدة والمنظمات الاقليمية والدولية. عوضًا عن نداءات القوى الوطنية ممثلة في الاحزاب السياسية وحركات الكفاح المسلح الموقعة على السلام الاتحادات المهنية العاملة في الحقل الطبي والإنساني.
المجد والخلود للشهداء الابرار
العزة والكرامة لشعبنا الكريم
قوات الدعم السريع
18-4-2023

In the Name of Allah, the Most Gracious, the Most Merciful
Quick Support Forces
Newsletter

The clear conflict in the statements of the leader of the Revolutionary Armed Forces Group and the official page of the Armed Forces of the Humanitarian Truce Operation approved by the Fast Support Forces, has shown that there are decision centers within the coup group and the religious mania group.
At the time when the fugitive Al-Burhan announced his approval for a 24-hour truce, the Armed Forces page came out on us with a pie and naive statement containing false claims about the presence of a regional entity trying to bring down military aid to our troops in control of the city airport.
We point out that the difference in positions that were clarified from the statements (the leader of the coup group and the page of the armed forces) confirms the truth that revealed to us early on about the abduction of the hard-willed religious maniac groups, the decision of the armed forces and turning it in favor of their malicious agenda, and it also clearly reveals the piracy operations of most state institutions and their leaders The official pages of the Armed Forces and the Sudanese Ministry of Foreign Affairs, which requires not to deal with any information sent through them.
We would like to draw attention to our prior concerns that the multiple decision centers within the Coup D'état group will cause non-compliance with the declared truce and that the international and regional community will realize this fact during its interaction and discussion with the leadership of the Coup Armed Forces and behind it the extremist religious mania group.
We renew our strict commitment to the declared truce, which we managed to respond to in appreciation of the circumstances faced by civilians and to enable medical and humanitarian teams to do their part.
We highly appreciate the efforts of the United States of America, UAE, Saudi Arabia and sister countries in our Arab, African Ocean, EU, United Nations, regional and international organizations. Instead of the calls for national forces represented in political parties and armed struggle movements peace signing trade unions working in the medical and humanitarian field.
Glory and eternity to the righteous martyrs
Dignity and dignity for our honorable people
Quick Support Forces
18-4-2023",2023-04-18 16:16:43,RSF
767661635007375,https://facebook.com/www.rsf.gov.sd/posts/767661635007375,"المستشار السياسي للدعم السريع لـ #العربية: وافقنا على الهدنة بناء على مقترح #بلينكن
ـــــــــــــــــــــــ
#العزة_والمجد_للوطن
#قوات_الدعم_السريع
#جاهزية_سرعة_حسم

Political Advisor for Rapid Support to #Arabia: We agreed to a truce based on the proposal of #Blinken
ـــــــــ
#العزة_والمجد_للوطن
#قوات_الدعم_السريع
#جاهزية_سرعة_حسم",2023-04-18 15:55:13,RSF
